,base_name,vals,vals-2,vals-3,vals-5,vals-10,vals-20,vals-35
0,CPU Only,6.53,8.489,10.7745,14.561900000000001,22.267300000000002,41.8573,46.42830000000001
1,CUDA,0.65,0.845,1.0725,1.4495,2.2165000000000004,4.1665,4.6215
2,CUDA Accl,0.6,0.78,0.99,1.338,2.046,3.846,4.266
3,Better Transformer,0.4,0.52,0.66,0.892,1.364,2.564,2.8440000000000003
4,CUDA ORT,0.32,0.41600000000000004,0.528,0.7136,1.0912000000000002,2.0512,2.2752
